marketplace,pid,url,title,option_text,tier,duration,delivery,price_rub,strong_signal,glitched,glitch_reason
plati,4696379,https://plati.market/itm/4696379,Купить MINIMAX AI M3 Token Plan subscription 1month,plus | Выбран,Plus,1m,unknown,2197.0,True,False,
plati,4696379,https://plati.market/itm/4696379,Купить MINIMAX AI M3 Token Plan subscription 1month,max | +3 210 ₽,Max,1m,unknown,5406.0,True,False,
plati,5932494,https://plati.market/itm/5932494,Купить MINIMAX AI | PLATFORM MINIMAX API | PLUS/MAX/ULTRA | 1 MONTH WARRANTY,Plus 1 Month | Выбран,Plus,1m,unknown,1664.0,True,False,
plati,5932494,https://plati.market/itm/5932494,Купить MINIMAX AI | PLATFORM MINIMAX API | PLUS/MAX/ULTRA | 1 MONTH WARRANTY,Max 1 Month | +2 937 ₽,Max,1m,unknown,4601.0,True,False,
plati,5957784,https://plati.market/itm/5957784,"Купить Подписка на тарифный план MINIMAX AI Plus/Max/Ultra на 1 месяц | ДЕШЕВО, БЫСТРО И С Г",Plus 20$ 1 Month | Выбран,Plus,1m,unknown,2535.0,True,False,
plati,5957784,https://plati.market/itm/5957784,"Купить Подписка на тарифный план MINIMAX AI Plus/Max/Ultra на 1 месяц | ДЕШЕВО, БЫСТРО И С Г",Max 50$ 1 Month | +4 056 ₽,Max,1m,unknown,6591.0,True,False,
plati,5971796,https://plati.market/itm/5971796,Купить Премиум-подписка MiniMax AI | Тарифы Plus / Max / Ultra | 1 месяц | Мгновенная достав,Plus (1 месяц) | Выбран,Plus,1m,unknown,2403.0,True,False,
plati,5971796,https://plati.market/itm/5971796,Купить Премиум-подписка MiniMax AI | Тарифы Plus / Max / Ultra | 1 месяц | Мгновенная достав,Макс (1 месяц) | +2 884 ₽,Max,1m,unknown,5286.0,True,False,
plati,5971796,https://plati.market/itm/5971796,Купить Премиум-подписка MiniMax AI | Тарифы Plus / Max / Ultra | 1 месяц | Мгновенная достав,Плюс (1 год) | +19 221 ₽,Plus,12m,unknown,21624.0,True,False,
plati,5971796,https://plati.market/itm/5971796,Купить Премиум-подписка MiniMax AI | Тарифы Plus / Max / Ultra | 1 месяц | Мгновенная достав,Макс (1 год) | +52 857 ₽,Max,12m,unknown,55260.0,True,False,
plati,5971796,https://plati.market/itm/5971796,Купить Премиум-подписка MiniMax AI | Тарифы Plus / Max / Ultra | 1 месяц | Мгновенная достав,Plus (3 месяца) | +5 767 ₽,Plus,3m,unknown,8169.0,True,False,
plati,5979972,https://plati.market/itm/5979972,Купить Премиум-доступ к MINIMAX AI | Plus / Max / Ultra | 1 месяц | Безопасный доступ | Полн,Plus (1 месяц) | Выбран,Plus,1m,unknown,2411.0,True,False,
plati,5979972,https://plati.market/itm/5979972,Купить Премиум-доступ к MINIMAX AI | Plus / Max / Ultra | 1 месяц | Безопасный доступ | Полн,Макс (1 месяц) | +2 893 ₽,Max,1m,unknown,5303.0,True,False,
plati,5979972,https://plati.market/itm/5979972,Купить Премиум-доступ к MINIMAX AI | Plus / Max / Ultra | 1 месяц | Безопасный доступ | Полн,Плюс (1 год) | +19 281 ₽,Plus,12m,unknown,21691.0,True,False,
plati,5979972,https://plati.market/itm/5979972,Купить Премиум-доступ к MINIMAX AI | Plus / Max / Ultra | 1 месяц | Безопасный доступ | Полн,Макс (1 год) | +53 021 ₽,Max,12m,unknown,55431.0,True,False,
plati,5084692,https://plati.market/itm/5084692,Купить Подписка MINIMAX AI Plan Plus/Max/Ultra 1 месяц,Plus | Выбран,Plus,1m,unknown,2973.0,True,False,
plati,5084692,https://plati.market/itm/5084692,Купить Подписка MINIMAX AI Plan Plus/Max/Ultra 1 месяц,Max | +5 753 ₽,Max,1m,unknown,8726.0,True,False,
plati,5217657,https://plati.market/itm/5217657,Купить Подписка на план MINIMAX AI M3 Token Plan на 1 месяц,Plus | Выбран,Plus,1m,unknown,3069.0,True,False,
plati,5217657,https://plati.market/itm/5217657,Купить Подписка на план MINIMAX AI M3 Token Plan на 1 месяц,Max | +4 794 ₽,Max,1m,unknown,7863.0,True,False,
ggsel,102578317,https://ggsel.net/catalog/product/102578317,"Купить (Высокие скидки)(Token Plan)MINIMAX AI, China version, подписка",Plus(1 месяц),Plus,1m,unknown,988.0,True,False,
ggsel,102578317,https://ggsel.net/catalog/product/102578317,"Купить (Высокие скидки)(Token Plan)MINIMAX AI, China version, подписка",Max(1 месяц),Max,1m,unknown,2884.0,True,False,
plati,5421112,https://plati.market/itm/5421112,Купить MINIMAX API ПОДПИСКА/API ПАКЕТЫ 1/3/12 МЕСЯЦЕВ,[1 МЕСЯЦ] PLUS | +2 600 ₽,Plus,1m,unknown,3350.0,True,False,
plati,5421112,https://plati.market/itm/5421112,Купить MINIMAX API ПОДПИСКА/API ПАКЕТЫ 1/3/12 МЕСЯЦЕВ,[1 ГОД] PLUS | +26 000 ₽,Plus,12m,unknown,26750.0,True,False,
plati,5421112,https://plati.market/itm/5421112,Купить MINIMAX API ПОДПИСКА/API ПАКЕТЫ 1/3/12 МЕСЯЦЕВ,[1 МЕСЯЦ] MAX | +6 000 ₽,Max,1m,unknown,6750.0,True,False,
plati,5421112,https://plati.market/itm/5421112,Купить MINIMAX API ПОДПИСКА/API ПАКЕТЫ 1/3/12 МЕСЯЦЕВ,[1 ГОД] MAX | +60 000 ₽,Max,12m,unknown,60750.0,True,False,
plati,5421112,https://plati.market/itm/5421112,Купить MINIMAX API ПОДПИСКА/API ПАКЕТЫ 1/3/12 МЕСЯЦЕВ,[1 МЕСЯЦ] PRO | +12 200 ₽,Pro+,1m,unknown,72950.0,True,False,
plati,5421112,https://plati.market/itm/5421112,Купить MINIMAX API ПОДПИСКА/API ПАКЕТЫ 1/3/12 МЕСЯЦЕВ,[3 МЕСЯЦА] PRO | +33 000 ₽,Pro+,3m,unknown,93750.0,True,False,
plati,5421112,https://plati.market/itm/5421112,Купить MINIMAX API ПОДПИСКА/API ПАКЕТЫ 1/3/12 МЕСЯЦЕВ,[1 ГОД] PRO | +113 250 ₽,Pro+,12m,unknown,174000.0,True,False,
ggsel,102456246,https://ggsel.net/catalog/product/102456246,Купить MiniMax AI | Standard • Pro • Unlimited | Мгновенный доступ | Поддержка 24/7 и,План Plus | 1 месяц |,Plus,1m,new_account,2222.0,True,False,
ggsel,102558423,https://ggsel.net/catalog/product/102558423,Купить Подписка Hailuo AI | Plus / Pro / Max | 1 месяц | На ваш аккаунт,Pro 35$,Pro,1m,own_account,2155.0,True,False,
ggsel,102558423,https://ggsel.net/catalog/product/102558423,Купить Подписка Hailuo AI | Plus / Pro / Max | 1 месяц | На ваш аккаунт,Max 200$,Max,1m,own_account,9968.0,True,False,
ggsel,102107986,https://ggsel.net/catalog/product/102107986,Купить Minimax AI | Подписка Plus/Max/Ultra | 1 месяц,Plus - 1 месяц,Plus,1m,unknown,2100.0,True,False,
ggsel,102107986,https://ggsel.net/catalog/product/102107986,Купить Minimax AI | Подписка Plus/Max/Ultra | 1 месяц,Max - 1 месяц,Max,1m,unknown,5800.0,True,False,
ggsel,5457324,https://ggsel.net/catalog/product/5457324,"Купить MiniMax Audio | Подписка, пополнение | 1-12 месяцев",Pro | Месяц,Pro,1m,unknown,13549.0,True,False,
ggsel,4978392,https://ggsel.net/catalog/product/4978392,Купить Подписка на план кодирования MINIMAX AI Plus/Max на 1 месяц,"Plus: ~1,7 млрд токенов в месяц использования M3",Plus,1m,unknown,1176.0,True,False,
ggsel,102369748,https://ggsel.net/catalog/product/102369748,Купить MINIMAX AI | PLATFORM MINIMAX API | PLUS/MAX/ULTRA | 1 MONTH WARRANTY,Max 1 Month,Max,1m,unknown,4433.0,True,False,
ggsel,102369748,https://ggsel.net/catalog/product/102369748,Купить MINIMAX AI | PLATFORM MINIMAX API | PLUS/MAX/ULTRA | 1 MONTH WARRANTY,Plus 1 Month,Plus,1m,unknown,1400.0,True,False,
ggsel,102163431,https://ggsel.net/catalog/product/102163431,Купить Членство в Minimax | Аккаунт | Пополнение счета | и доступно,Аккаунт | pro | 1 месяц,Pro,1m,unknown,11581.0,True,False,
ggsel,102163431,https://ggsel.net/catalog/product/102163431,Купить Членство в Minimax | Аккаунт | Пополнение счета | и доступно,Пополнение счета | pro | 1 месяц,Pro,1m,unknown,11969.0,True,False,
ggsel,102608819,https://ggsel.net/catalog/product/102608819,Купить Minimax API Platform | Plus Plan | Max Plan | Ultra Plan | 1 месяц,PLUS,Plus,1m,unknown,1425.0,True,False,
ggsel,102608819,https://ggsel.net/catalog/product/102608819,Купить Minimax API Platform | Plus Plan | Max Plan | Ultra Plan | 1 месяц,MAX,Max,1m,unknown,3625.0,True,False,
ggsel,102438200,https://ggsel.net/catalog/product/102438200,Купить Minimax API Platform | План Plus | План «Макс» | Пакет «Ультра» | 1 месяц,PLUS,Plus,1m,unknown,1450.0,True,False,
ggsel,102438200,https://ggsel.net/catalog/product/102438200,Купить Minimax API Platform | План Plus | План «Макс» | Пакет «Ультра» | 1 месяц,MAX,Max,1m,unknown,3650.0,True,False,
ggsel,102359533,https://ggsel.net/catalog/product/102359533,"Купить Платформа MINIMAX AI, тарифный план STARTER/MAX, подписка на 1 месяц | и",Плюс 20 долларов в месяц,Plus,1m,unknown,1800.0,True,False,
ggsel,102707964,https://ggsel.net/catalog/product/102707964,Купить Подписка MINIMAX MEDIA PLAN — Starter/Plus/Pro — 1 месяц,Pro,Pro,1m,unknown,21950.0,True,False,
ggsel,102707964,https://ggsel.net/catalog/product/102707964,Купить Подписка MINIMAX MEDIA PLAN — Starter/Plus/Pro — 1 месяц,Plus,Plus,1m,unknown,7850.0,True,False,
ggsel,102707964,https://ggsel.net/catalog/product/102707964,Купить Подписка MINIMAX MEDIA PLAN — Starter/Plus/Pro — 1 месяц,Plus (Годовой),Plus,1m,unknown,67450.0,True,False,
ggsel,102697420,https://ggsel.net/catalog/product/102697420,Купить MiniMax AI Plus/ Max/ Ultra – 1 месяц | ПОЛНАЯ,MiniMax AI Plus – 1 месяц,Plus,1m,unknown,2190.0,True,False,
ggsel,102697420,https://ggsel.net/catalog/product/102697420,Купить MiniMax AI Plus/ Max/ Ultra – 1 месяц | ПОЛНАЯ,MiniMax AI Max – 1 месяц,Max,1m,unknown,8790.0,True,False,
ggsel,102559894,https://ggsel.net/catalog/product/102559894,"Купить MiniMax AI Plus/Max/Ultra 1-12M, Credits Top-up | FAST, OFFICIAL",MiniMax AI Plus - 1 Месяц,Plus,1m,unknown,2199.0,True,False,
ggsel,102559894,https://ggsel.net/catalog/product/102559894,"Купить MiniMax AI Plus/Max/Ultra 1-12M, Credits Top-up | FAST, OFFICIAL",MiniMax AI Plus - 12 Месяцев,Plus,12m,unknown,24499.0,True,False,
ggsel,102559894,https://ggsel.net/catalog/product/102559894,"Купить MiniMax AI Plus/Max/Ultra 1-12M, Credits Top-up | FAST, OFFICIAL",MiniMax AI Max - 1 Месяц,Max,1m,unknown,7599.0,True,False,
ggsel,102559894,https://ggsel.net/catalog/product/102559894,"Купить MiniMax AI Plus/Max/Ultra 1-12M, Credits Top-up | FAST, OFFICIAL",MiniMax AI Max - 12 Месяцев,Max,12m,unknown,64999.0,True,False,
ggsel,102490659,https://ggsel.net/catalog/product/102490659,Купить API для премиум-платформы MiniMax AI | Plus / Max / Ultra | 1 месяц,Максимум 1 месяц,Max,1m,unknown,4899.0,True,False,
ggsel,102490659,https://ggsel.net/catalog/product/102490659,Купить API для премиум-платформы MiniMax AI | Plus / Max / Ultra | 1 месяц,Плюс 1 месяц,Plus,1m,unknown,2200.0,True,False,
ggsel,102250901,https://ggsel.net/catalog/product/102250901,Купить Подписка на тарифный план MINIMAX AI Plus/Max/Ultra на 1 месяц |,PLUS(1 месяц),Plus,1m,unknown,2200.0,True,False,
ggsel,102250901,https://ggsel.net/catalog/product/102250901,Купить Подписка на тарифный план MINIMAX AI Plus/Max/Ultra на 1 месяц |,MAX (1 месяц),Max,1m,unknown,3700.0,True,False,
ggsel,102691373,https://ggsel.net/catalog/product/102691373,Купить Подписка Minimax Hailuo AI Кредиты Пополнение API | Официальная оплата | 1/12 месяцев,Minimax Plus 1 месяц,Plus,1m,unknown,2290.0,True,False,
ggsel,102691373,https://ggsel.net/catalog/product/102691373,Купить Подписка Minimax Hailuo AI Кредиты Пополнение API | Официальная оплата | 1/12 месяцев,Minimax Max 1 месяц,Max,1m,unknown,5790.0,True,False,
ggsel,102358305,https://ggsel.net/catalog/product/102358305,Купить MiniMax Plus/Max/Ultra 1-12M Подписка | Обновление/продление — Г.арантия/,Max - 1 месяц,Max,1m,own_account,5741.0,True,False,
ggsel,102358305,https://ggsel.net/catalog/product/102358305,Купить MiniMax Plus/Max/Ultra 1-12M Подписка | Обновление/продление — Г.арантия/,Plus - 1 год,Plus,12m,own_account,21050.0,True,False,
ggsel,102358305,https://ggsel.net/catalog/product/102358305,Купить MiniMax Plus/Max/Ultra 1-12M Подписка | Обновление/продление — Г.арантия/,Max - 1 год,Max,12m,own_account,52624.0,True,False,
ggsel,102358305,https://ggsel.net/catalog/product/102358305,Купить MiniMax Plus/Max/Ultra 1-12M Подписка | Обновление/продление — Г.арантия/,Plus - 1 месяц,Plus,1m,own_account,2297.0,True,False,
ggsel,102103092,https://ggsel.net/catalog/product/102103092,Купить Подписка на план MINIMAX AI M3 Token Plan на 1 месяц,Plus,Plus,1m,unknown,2618.0,True,False,
ggsel,102103092,https://ggsel.net/catalog/product/102103092,Купить Подписка на план MINIMAX AI M3 Token Plan на 1 месяц,Max,Max,1m,unknown,6756.0,True,False,
ggsel,102183834,https://ggsel.net/catalog/product/102183834,Купить MINIMAX AI Plan Plus/Max/Ultra subscription 1month,Plus Plan,Plus,1m,unknown,2703.0,True,False,
ggsel,102183834,https://ggsel.net/catalog/product/102183834,Купить MINIMAX AI Plan Plus/Max/Ultra subscription 1month,Max Plan,Max,1m,unknown,7203.0,True,False,
ggsel,101642596,https://ggsel.net/catalog/product/101642596,"Купить MiniMax Api Platform | Plus, Max, Ultra, кредиты | Месяц, год",Plus | 1 месяц,Plus,1m,unknown,2699.0,True,False,
ggsel,101642596,https://ggsel.net/catalog/product/101642596,"Купить MiniMax Api Platform | Plus, Max, Ultra, кредиты | Месяц, год",Max | 1 месяц,Max,1m,unknown,6899.0,True,False,
ggsel,101642596,https://ggsel.net/catalog/product/101642596,"Купить MiniMax Api Platform | Plus, Max, Ultra, кредиты | Месяц, год",Plus | Год,Plus,1m,unknown,27049.0,True,False,
ggsel,102378761,https://ggsel.net/catalog/product/102378761,Купить Премиум МИНИМАКС ИИ | Плюс • Максимум • Супер | 1 месяц • • Круглосуточная,Плюс (1 месяц),Plus,1m,unknown,2800.0,True,False,
ggsel,102378761,https://ggsel.net/catalog/product/102378761,Купить Премиум МИНИМАКС ИИ | Плюс • Максимум • Супер | 1 месяц • • Круглосуточная,Макс (1 месяц),Max,1m,unknown,4700.0,True,False,
ggsel,102559801,https://ggsel.net/catalog/product/102559801,"Купить MiniMax AI Plus/Max/Ultra 1-12M, Credits Top-up | FAST, FULL WARRANTY",Продление/обновление: MiniMax AI Plus - 1 месяц (требуется вход),Plus,1m,own_account,2299.0,True,False,
ggsel,102559801,https://ggsel.net/catalog/product/102559801,"Купить MiniMax AI Plus/Max/Ultra 1-12M, Credits Top-up | FAST, FULL WARRANTY",Аккаунт MiniMax AI Plus - 1 месяц (случайный email),Plus,1m,new_account,2399.0,True,False,
ggsel,102559801,https://ggsel.net/catalog/product/102559801,"Купить MiniMax AI Plus/Max/Ultra 1-12M, Credits Top-up | FAST, FULL WARRANTY",Продление/обновление: MiniMax AI Plus - 12 месяцев (требуется вход),Plus,12m,own_account,25299.0,True,False,
ggsel,102559801,https://ggsel.net/catalog/product/102559801,"Купить MiniMax AI Plus/Max/Ultra 1-12M, Credits Top-up | FAST, FULL WARRANTY",Аккаунт MiniMax AI Plus - 12 месяцев (случайный email),Plus,12m,new_account,25399.0,True,False,
ggsel,102559801,https://ggsel.net/catalog/product/102559801,"Купить MiniMax AI Plus/Max/Ultra 1-12M, Credits Top-up | FAST, FULL WARRANTY",Продление/обновление: MiniMax AI Max - 1 месяц (требуется вход),Max,1m,own_account,8399.0,True,False,
ggsel,102559801,https://ggsel.net/catalog/product/102559801,"Купить MiniMax AI Plus/Max/Ultra 1-12M, Credits Top-up | FAST, FULL WARRANTY",Аккаунт MiniMax AI Max - 1 месяц (случайный email),Max,1m,new_account,8499.0,True,False,
ggsel,102559801,https://ggsel.net/catalog/product/102559801,"Купить MiniMax AI Plus/Max/Ultra 1-12M, Credits Top-up | FAST, FULL WARRANTY",Продление/обновление: MiniMax AI Max - 12 месяцев (требуется вход),Max,12m,own_account,66199.0,True,False,
ggsel,102559801,https://ggsel.net/catalog/product/102559801,"Купить MiniMax AI Plus/Max/Ultra 1-12M, Credits Top-up | FAST, FULL WARRANTY",Аккаунт MiniMax AI Max - 12 месяцев (случайный email),Max,12m,new_account,66299.0,True,False,
ggsel,102294085,https://ggsel.net/catalog/product/102294085,Купить Подписка на тарифный план MINIMAX AI Starter/Plus/Max на 1 месяц,plus (1 month),Plus,1m,unknown,3600.0,True,False,
ggsel,102294085,https://ggsel.net/catalog/product/102294085,Купить Подписка на тарифный план MINIMAX AI Starter/Plus/Max на 1 месяц,Макс - Высокая скорость (1 месяц),Max,1m,unknown,4800.0,True,False,
ggsel,5202328,https://ggsel.net/catalog/product/5202328,Купить Kling AI Подписка Standard/Pro/Premier/Ultra 30 дней,Pro,Pro,1m,unknown,2984.0,True,False,
ggsel,5202328,https://ggsel.net/catalog/product/5202328,Купить Kling AI Подписка Standard/Pro/Premier/Ultra 30 дней,Pro 1 год,Pro,12m,unknown,30353.0,True,False,
ggsel,5202328,https://ggsel.net/catalog/product/5202328,Купить Kling AI Подписка Standard/Pro/Premier/Ultra 30 дней,Pro - Мне нужно продление подписки после первой покупки(+599.0 RUB),Pro,1m,own_account,144415.0,True,False,
ggsel,5330839,https://ggsel.net/catalog/product/5330839,Купить Runway Подписка 30 дней,Pro 30 дней,Pro,1m,unknown,3892.0,True,False,
ggsel,5330839,https://ggsel.net/catalog/product/5330839,Купить Runway Подписка 30 дней,Max 30 дней,Max,1m,unknown,11455.0,True,False,
ggsel,5330839,https://ggsel.net/catalog/product/5330839,Купить Runway Подписка 30 дней,Pro 1 год,Pro,12m,unknown,34200.0,True,False,
ggsel,5330839,https://ggsel.net/catalog/product/5330839,Купить Runway Подписка 30 дней,Max 1 год,Max,12m,unknown,94050.0,True,False,
ggsel,102304393,https://ggsel.net/catalog/product/102304393,Купить Runway AI Standard/Pro/MAX 1/12M Подписка |Обновление+г.арантия,Runway Pro 1 месяц,Pro,1m,own_account,3458.0,True,False,
ggsel,102304393,https://ggsel.net/catalog/product/102304393,Купить Runway AI Standard/Pro/MAX 1/12M Подписка |Обновление+г.арантия,Runway Pro 12 месяцев,Pro,12m,own_account,33224.0,True,False,
ggsel,102304393,https://ggsel.net/catalog/product/102304393,Купить Runway AI Standard/Pro/MAX 1/12M Подписка |Обновление+г.арантия,Runway MAX 1 месяц,Max,1m,own_account,9391.0,True,False,
ggsel,102304393,https://ggsel.net/catalog/product/102304393,Купить Runway AI Standard/Pro/MAX 1/12M Подписка |Обновление+г.арантия,Runway MAX 12 месяцев,Max,12m,own_account,90184.0,True,False,
ggsel,5150918,https://ggsel.net/catalog/product/5150918,Купить KLING AI ПОДПИСКА – STANDARD/PRO/PREMIER/ULTRA НА 1 МЕСЯЦ,Pro,Pro,1m,unknown,2770.0,True,False,
ggsel,5150918,https://ggsel.net/catalog/product/5150918,Купить KLING AI ПОДПИСКА – STANDARD/PRO/PREMIER/ULTRA НА 1 МЕСЯЦ,Pro (Продление)(+3460.0 RUB),Pro,1m,own_account,7340.0,True,False,
ggsel,5150918,https://ggsel.net/catalog/product/5150918,Купить KLING AI ПОДПИСКА – STANDARD/PRO/PREMIER/ULTRA НА 1 МЕСЯЦ,Pro (+300 бонусных кредитов)(+3000.0 RUB),Pro,1m,unknown,37540.0,True,False,
ggsel,101942096,https://ggsel.net/catalog/product/101942096,"Купить Kling AI Plan/Credits 1-12M | FAST, FULL WARRANTY",KlingAI Pro (3000 Credits) - 1 Месяц (Требуется вход),Pro,1m,own_account,4599.0,True,False,
ggsel,101942096,https://ggsel.net/catalog/product/101942096,"Купить Kling AI Plan/Credits 1-12M | FAST, FULL WARRANTY","KlingAI Pro (3000 Credits) - 1 Месяц (Без входа, Подарок)",Pro,1m,own_account,5399.0,True,False,
ggsel,101942096,https://ggsel.net/catalog/product/101942096,"Купить Kling AI Plan/Credits 1-12M | FAST, FULL WARRANTY",KlingAI Pro (3000 Credits) - 1 Год (Требуется вход),Pro,12m,own_account,35999.0,True,False,
ggsel,101942096,https://ggsel.net/catalog/product/101942096,"Купить Kling AI Plan/Credits 1-12M | FAST, FULL WARRANTY","KlingAI Pro (3000 Credits) - 1 Год (Без входа, Подарок)",Pro,12m,own_account,36799.0,True,False,
ggsel,101942096,https://ggsel.net/catalog/product/101942096,"Купить Kling AI Plan/Credits 1-12M | FAST, FULL WARRANTY",KlingAI Pro (3000 Credits) Аккаунт - 1 Месяц (На случайную почту),Pro,1m,new_account,4600.0,True,False,
