marketplace,pid,url,title,option_text,raw_option_text,control_kind,control_dom_index,control_input_id,control_value,tier,duration,delivery,price_rub,strong_signal,glitched,glitch_reason,available,availability_reason,price_changed,price_stable,price_verified,final_verified,final_observed_price
plati,5084692,https://plati.market/itm/5084692,Купить Платформа MINIMAX API Plus/Max Подписка на 1 месяц,Plus (Обновите свой аккаунт) | +760 ₽,"Plus (Обновите свой аккаунт)
+760 ₽",label,3,,,Plus,1m,unknown,2270.0,True,False,,True,,True,True,True,False,
plati,5084692,https://plati.market/itm/5084692,Купить Платформа MINIMAX API Plus/Max Подписка на 1 месяц,Max | +5 699 ₽,"Max
+5 699 ₽",label,4,,,Max,1m,unknown,7209.0,True,False,,True,,True,True,True,False,
plati,5084692,https://plati.market/itm/5084692,Купить Платформа MINIMAX API Plus/Max Подписка на 1 месяц,"Plus(Используйте новую учетную запись, созданную продавцом) | Выбран","Plus(Используйте новую учетную запись, созданную продавцом)
Выбран",label,2,,,Plus,1m,unknown,1511.0,True,False,,True,,True,True,True,False,
plati,5217657,https://plati.market/itm/5217657,Купить Платформа MINIMAX API Plus/Max Подписка на 1 месяц,Plus (Обновите свой аккаунт) | +760 ₽,"Plus (Обновите свой аккаунт)
+760 ₽",label,3,,,Plus,1m,own_account,2280.0,True,False,,True,,True,True,True,False,
plati,5217657,https://plati.market/itm/5217657,Купить Платформа MINIMAX API Plus/Max Подписка на 1 месяц,Max | +6 174 ₽,"Max
+6 174 ₽",label,4,,,Max,1m,own_account,7693.0,True,False,,True,,True,True,True,False,
plati,5217657,https://plati.market/itm/5217657,Купить Платформа MINIMAX API Plus/Max Подписка на 1 месяц,"Plus(Используйте новую учетную запись, созданную продавцом) | Выбран","Plus(Используйте новую учетную запись, созданную продавцом)
Выбран",label,2,,,Plus,1m,own_account,1520.0,True,False,,True,,True,True,True,False,
plati,5421112,https://plati.market/itm/5421112,Купить MINIMAX API ПОДПИСКА/API ПАКЕТЫ 1/3/12 МЕСЯЦЕВ,[1 МЕСЯЦ] PLUS | +2 600 ₽,"[1 МЕСЯЦ] PLUS
+2 600 ₽",label,5,,,Plus,1m,own_account,3350.0,True,False,,True,,True,True,True,False,
plati,5421112,https://plati.market/itm/5421112,Купить MINIMAX API ПОДПИСКА/API ПАКЕТЫ 1/3/12 МЕСЯЦЕВ,[1 ГОД] PLUS | +26 000 ₽,"[1 ГОД] PLUS
+26 000 ₽",label,6,,,Plus,12m,own_account,26750.0,True,False,,True,,True,True,True,False,
plati,5421112,https://plati.market/itm/5421112,Купить MINIMAX API ПОДПИСКА/API ПАКЕТЫ 1/3/12 МЕСЯЦЕВ,[1 МЕСЯЦ] MAX | +6 000 ₽,"[1 МЕСЯЦ] MAX
+6 000 ₽",label,7,,,Max,1m,own_account,6750.0,True,False,,True,,True,True,True,False,
plati,5421112,https://plati.market/itm/5421112,Купить MINIMAX API ПОДПИСКА/API ПАКЕТЫ 1/3/12 МЕСЯЦЕВ,[1 ГОД] MAX | +60 000 ₽,"[1 ГОД] MAX
+60 000 ₽",label,8,,,Max,12m,own_account,60750.0,True,False,,True,,True,True,True,False,
plati,5421112,https://plati.market/itm/5421112,Купить MINIMAX API ПОДПИСКА/API ПАКЕТЫ 1/3/12 МЕСЯЦЕВ,[1 МЕСЯЦ] PRO | +12 200 ₽,"[1 МЕСЯЦ] PRO
+12 200 ₽",label,16,,,Pro+,1m,own_account,72950.0,True,False,,True,,True,True,True,False,
plati,5421112,https://plati.market/itm/5421112,Купить MINIMAX API ПОДПИСКА/API ПАКЕТЫ 1/3/12 МЕСЯЦЕВ,[3 МЕСЯЦА] PRO | +33 000 ₽,"[3 МЕСЯЦА] PRO
+33 000 ₽",label,17,,,Pro+,3m,own_account,93750.0,True,False,,True,,True,True,True,False,
plati,5421112,https://plati.market/itm/5421112,Купить MINIMAX API ПОДПИСКА/API ПАКЕТЫ 1/3/12 МЕСЯЦЕВ,[1 ГОД] PRO | +113 250 ₽,"[1 ГОД] PRO
+113 250 ₽",label,18,,,Pro+,12m,own_account,174000.0,True,False,,True,,True,True,True,False,
plati,4696379,https://plati.market/itm/4696379,Купить MINIMAX AI M3 Token Plan subscription 1month,max | +3 164 ₽,"max
+3 164 ₽",label,3,,,Max,1m,own_account,5328.0,True,False,,True,,True,True,True,False,
plati,4696379,https://plati.market/itm/4696379,Купить MINIMAX AI M3 Token Plan subscription 1month,plus | Выбран,"plus
Выбран",label,2,,,Plus,1m,own_account,2165.0,True,False,,True,,True,True,True,False,
plati,5979972,https://plati.market/itm/5979972,Купить Премиум-доступ к MINIMAX AI | Plus / Max / Ultra | 1 месяц | Безопасный доступ | Полн,Макс (1 месяц) | +2 877 ₽,"Макс (1 месяц)
+2 877 ₽",label,5,,,Max,1m,own_account,5274.0,True,False,,True,,True,True,True,False,
plati,5979972,https://plati.market/itm/5979972,Купить Премиум-доступ к MINIMAX AI | Plus / Max / Ultra | 1 месяц | Безопасный доступ | Полн,Плюс (1 год) | +19 178 ₽,"Плюс (1 год)
+19 178 ₽",label,7,,,Plus,12m,own_account,21575.0,True,False,,True,,True,True,True,False,
plati,5979972,https://plati.market/itm/5979972,Купить Премиум-доступ к MINIMAX AI | Plus / Max / Ultra | 1 месяц | Безопасный доступ | Полн,Макс (1 год) | +52 739 ₽,"Макс (1 год)
+52 739 ₽",label,8,,,Max,12m,own_account,55136.0,True,False,,True,,True,True,True,False,
plati,5979972,https://plati.market/itm/5979972,Купить Премиум-доступ к MINIMAX AI | Plus / Max / Ultra | 1 месяц | Безопасный доступ | Полн,Plus (1 месяц) | Выбран,"Plus (1 месяц)
Выбран",label,4,,,Plus,1m,own_account,2398.0,True,False,,True,,True,True,True,False,
plati,5971796,https://plati.market/itm/5971796,Купить Премиум-подписка MiniMax AI | Тарифы Plus / Max / Ultra | 1 месяц | Мгновенная достав,Макс (1 месяц) | +2 877 ₽,"Макс (1 месяц)
+2 877 ₽",label,5,,,Max,1m,unknown,5274.0,True,False,,True,,True,True,True,False,
plati,5971796,https://plati.market/itm/5971796,Купить Премиум-подписка MiniMax AI | Тарифы Plus / Max / Ultra | 1 месяц | Мгновенная достав,Плюс (1 год) | +19 178 ₽,"Плюс (1 год)
+19 178 ₽",label,7,,,Plus,12m,unknown,21575.0,True,False,,True,,True,True,True,False,
plati,5971796,https://plati.market/itm/5971796,Купить Премиум-подписка MiniMax AI | Тарифы Plus / Max / Ultra | 1 месяц | Мгновенная достав,Макс (1 год) | +52 739 ₽,"Макс (1 год)
+52 739 ₽",label,8,,,Max,12m,unknown,55136.0,True,False,,True,,True,True,True,False,
plati,5971796,https://plati.market/itm/5971796,Купить Премиум-подписка MiniMax AI | Тарифы Plus / Max / Ultra | 1 месяц | Мгновенная достав,Plus (3 месяца) | +5 754 ₽,"Plus (3 месяца)
+5 754 ₽",label,10,,,Plus,3m,unknown,8151.0,True,False,,True,,True,True,True,False,
plati,5971796,https://plati.market/itm/5971796,Купить Премиум-подписка MiniMax AI | Тарифы Plus / Max / Ultra | 1 месяц | Мгновенная достав,Plus (1 месяц) | Выбран,"Plus (1 месяц)
Выбран",label,4,,,Plus,1m,unknown,2398.0,True,False,,True,,True,True,True,False,
ggsel,102358305,https://ggsel.net/catalog/product/102358305,Купить MiniMax Plus/Max/Ultra 1-12M Подписка | Обновление/продление — Г.арантия/,Max - 1 месяц,Max - 1 месяц,button,10,,,Max,1m,own_account,6316.0,True,False,,True,,True,True,True,False,
ggsel,102358305,https://ggsel.net/catalog/product/102358305,Купить MiniMax Plus/Max/Ultra 1-12M Подписка | Обновление/продление — Г.арантия/,Plus - 1 год,Plus - 1 год,button,12,,,Plus,12m,own_account,23155.0,True,False,,True,,True,True,True,False,
ggsel,102358305,https://ggsel.net/catalog/product/102358305,Купить MiniMax Plus/Max/Ultra 1-12M Подписка | Обновление/продление — Г.арантия/,Max - 1 год,Max - 1 год,button,13,,,Max,12m,own_account,57887.0,True,False,,True,,True,True,True,False,
ggsel,102358305,https://ggsel.net/catalog/product/102358305,Купить MiniMax Plus/Max/Ultra 1-12M Подписка | Обновление/продление — Г.арантия/,Plus - 1 месяц,Plus - 1 месяц,button,9,,,Plus,1m,own_account,2642.0,True,False,,True,,True,True,True,False,
ggsel,5457324,https://ggsel.net/catalog/product/5457324,"Купить MiniMax Audio | Подписка, пополнение | Месяц, год | Без входа",Pro | Месяц,Pro | Месяц,button,12,,,Pro,1m,own_account,13549.0,True,False,,True,,True,True,True,False,
ggsel,102183834,https://ggsel.net/catalog/product/102183834,Купить Платформа MINIMAX API Plus/Max Подписка на 1 месяц,Plus (Обновите свой аккаунт),Plus (Обновите свой аккаунт),button,10,,,Plus,1m,own_account,1669.0,True,False,,True,,True,True,True,False,
ggsel,102183834,https://ggsel.net/catalog/product/102183834,Купить Платформа MINIMAX API Plus/Max Подписка на 1 месяц,Max,Max,button,11,,,Max,1m,own_account,2893.0,True,False,,True,,True,True,True,True,2893
ggsel,102183834,https://ggsel.net/catalog/product/102183834,Купить Платформа MINIMAX API Plus/Max Подписка на 1 месяц,"Plus(Используйте новую учетную запись, созданную продавцом)","Plus(Используйте новую учетную запись, созданную продавцом)",button,9,,,Plus,1m,own_account,997.0,True,False,,True,,True,True,True,False,
ggsel,102905570,https://ggsel.net/catalog/product/102905570,Купить MINIMAX AI (план STARTER/MAX) на 1 месяц | Приватная,Max 55$,Max 55$,button,10,,,Max,1m,unknown,3130.0,True,False,,True,,True,True,True,False,
ggsel,102905570,https://ggsel.net/catalog/product/102905570,Купить MINIMAX AI (план STARTER/MAX) на 1 месяц | Приватная,Plus 22$,Plus 22$,button,9,,,Plus,1m,unknown,1260.0,True,False,,True,,True,True,True,False,
ggsel,102103092,https://ggsel.net/catalog/product/102103092,Купить Платформа MINIMAX API Plus/Max Подписка на 1 месяц,Plus (Обновите свой аккаунт),Plus (Обновите свой аккаунт),button,10,,,Plus,1m,own_account,2012.0,True,False,,True,,True,True,True,False,
ggsel,102103092,https://ggsel.net/catalog/product/102103092,Купить Платформа MINIMAX API Plus/Max Подписка на 1 месяц,Max,Max,button,11,,,Max,1m,own_account,7325.0,True,False,,True,,True,True,True,False,
ggsel,102103092,https://ggsel.net/catalog/product/102103092,Купить Платформа MINIMAX API Plus/Max Подписка на 1 месяц,"Plus(Используйте новую учетную запись, созданную продавцом)","Plus(Используйте новую учетную запись, созданную продавцом)",button,9,,,Plus,1m,own_account,1340.0,True,False,,True,,True,True,True,False,
ggsel,4978392,https://ggsel.net/catalog/product/4978392,Купить Подписка на план кодирования MINIMAX AI Plus/Max на 1 месяц,"Plus: ~1,7 млрд токенов в месяц использования M3","Plus: ~1,7 млрд токенов в месяц использования M3",button,9,,,Plus,1m,own_account,1438.0,True,False,,True,,False,True,True,False,
ggsel,103282955,https://ggsel.net/catalog/product/103282955,"Купить Тариф MiniMax API Agent Starter/Plus/Max на 1 месяц , НАДЁЖНО И",Тариф Max - $55 за 1 месяц,Тариф Max - $55 за 1 месяц,button,9,,,Max,1m,unknown,3620.0,True,False,,True,,True,True,True,False,
ggsel,102369748,https://ggsel.net/catalog/product/102369748,Купить MINIMAX AI | PLATFORM MINIMAX API | PLUS/MAX/ULTRA | 1 MONTH WARRANTY,Max 1 Month,Max 1 Month,button,10,,,Max,1m,unknown,4800.0,True,False,,True,,True,True,True,False,
ggsel,102369748,https://ggsel.net/catalog/product/102369748,Купить MINIMAX AI | PLATFORM MINIMAX API | PLUS/MAX/ULTRA | 1 MONTH WARRANTY,Plus 1 Month,Plus 1 Month,button,9,,,Plus,1m,unknown,1800.0,True,False,,True,,True,True,True,False,
ggsel,102697420,https://ggsel.net/catalog/product/102697420,Купить MiniMax AI Plus/ Max/ Ultra – 1 месяц | ПОЛНАЯ,MiniMax AI Max – 1 месяц,MiniMax AI Max – 1 месяц,button,9,,,Max,1m,own_account,8290.0,True,False,,True,,True,True,True,False,
ggsel,102697420,https://ggsel.net/catalog/product/102697420,Купить MiniMax AI Plus/ Max/ Ultra – 1 месяц | ПОЛНАЯ,MiniMax AI Plus – 1 месяц,MiniMax AI Plus – 1 месяц,button,8,,,Plus,1m,own_account,2190.0,True,False,,True,,True,True,True,False,
ggsel,102691373,https://ggsel.net/catalog/product/102691373,Купить Подписка Minimax Hailuo AI Кредиты Пополнение API | Официальная оплата | 1/12 месяцев,Minimax Max 1 месяц,Minimax Max 1 месяц,button,9,,,Max,1m,unknown,5890.0,True,False,,True,,True,True,True,False,
ggsel,102691373,https://ggsel.net/catalog/product/102691373,Купить Подписка Minimax Hailuo AI Кредиты Пополнение API | Официальная оплата | 1/12 месяцев,Minimax Plus 1 месяц,Minimax Plus 1 месяц,button,8,,,Plus,1m,unknown,2390.0,True,False,,True,,True,True,True,False,
ggsel,102250901,https://ggsel.net/catalog/product/102250901,Купить Подписка на тарифный план MINIMAX AI Plus/Max/Ultra на 1 месяц |,MAX (1 месяц),MAX (1 месяц),button,12,,,Max,1m,unknown,5199.0,True,False,,True,,True,True,True,False,
ggsel,102250901,https://ggsel.net/catalog/product/102250901,Купить Подписка на тарифный план MINIMAX AI Plus/Max/Ultra на 1 месяц |,PLUS(1 месяц),PLUS(1 месяц),button,13,,,Plus,1m,unknown,2500.0,True,False,,True,,True,True,True,False,
ggsel,102559894,https://ggsel.net/catalog/product/102559894,"Купить MiniMax AI Plus/Max/Ultra 1-12M, Credits Top-up | FAST, OFFICIAL",MiniMax AI Plus - 12 Месяцев,MiniMax AI Plus - 12 Месяцев,button,10,,,Plus,12m,own_account,24499.0,True,False,,True,,True,True,True,False,
ggsel,102559894,https://ggsel.net/catalog/product/102559894,"Купить MiniMax AI Plus/Max/Ultra 1-12M, Credits Top-up | FAST, OFFICIAL",MiniMax AI Max - 1 Месяц,MiniMax AI Max - 1 Месяц,button,11,,,Max,1m,own_account,7599.0,True,False,,True,,True,True,True,False,
ggsel,102559894,https://ggsel.net/catalog/product/102559894,"Купить MiniMax AI Plus/Max/Ultra 1-12M, Credits Top-up | FAST, OFFICIAL",MiniMax AI Max - 12 Месяцев,MiniMax AI Max - 12 Месяцев,button,12,,,Max,12m,own_account,64999.0,True,False,,True,,True,True,True,False,
ggsel,102559894,https://ggsel.net/catalog/product/102559894,"Купить MiniMax AI Plus/Max/Ultra 1-12M, Credits Top-up | FAST, OFFICIAL",MiniMax AI Plus - 1 Месяц,MiniMax AI Plus - 1 Месяц,button,9,,,Plus,1m,own_account,123199.0,True,False,,True,,False,True,True,False,
ggsel,102490659,https://ggsel.net/catalog/product/102490659,Купить API для премиум-платформы MiniMax AI | Plus / Max / Ultra | 1 месяц,Максимум 1 месяц,Максимум 1 месяц,button,9,,,Max,1m,own_account,5899.0,True,False,,True,,True,True,True,False,
ggsel,102490659,https://ggsel.net/catalog/product/102490659,Купить API для премиум-платформы MiniMax AI | Plus / Max / Ultra | 1 месяц,Плюс 1 месяц,Плюс 1 месяц,button,8,,,Plus,1m,own_account,3200.0,True,False,,True,,True,True,True,False,
ggsel,101642596,https://ggsel.net/catalog/product/101642596,"Купить MiniMax Api Platform | Plus, Max, Ultra, кредиты | Месяц, год",Max | 1 месяц,Max | 1 месяц,button,10,,,Max,1m,own_account,7599.0,True,False,,True,,True,True,True,False,
ggsel,101642596,https://ggsel.net/catalog/product/101642596,"Купить MiniMax Api Platform | Plus, Max, Ultra, кредиты | Месяц, год",Plus | Год,Plus | Год,button,12,,,Plus,1m,own_account,29749.0,True,False,,True,,True,True,True,False,
ggsel,101642596,https://ggsel.net/catalog/product/101642596,"Купить MiniMax Api Platform | Plus, Max, Ultra, кредиты | Месяц, год",Plus | 1 месяц,Plus | 1 месяц,button,9,,,Plus,1m,own_account,2999.0,True,False,,True,,True,True,True,False,
ggsel,102559801,https://ggsel.net/catalog/product/102559801,"Купить MiniMax AI Plus/Max/Ultra 1-12M, Credits Top-up | FAST, FULL WARRANTY",Аккаунт MiniMax AI Plus - 1 месяц (случайный email),Аккаунт MiniMax AI Plus - 1 месяц (случайный email),button,9,,,Plus,1m,new_account,2399.0,True,False,,True,,True,True,True,False,
ggsel,102559801,https://ggsel.net/catalog/product/102559801,"Купить MiniMax AI Plus/Max/Ultra 1-12M, Credits Top-up | FAST, FULL WARRANTY",Продление/обновление: MiniMax AI Plus - 12 месяцев (требуется вход),Продление/обновление: MiniMax AI Plus - 12 месяцев (требуется вход),button,10,,,Plus,12m,own_account,25299.0,True,False,,True,,True,True,True,False,
ggsel,102559801,https://ggsel.net/catalog/product/102559801,"Купить MiniMax AI Plus/Max/Ultra 1-12M, Credits Top-up | FAST, FULL WARRANTY",Аккаунт MiniMax AI Plus - 12 месяцев (случайный email),Аккаунт MiniMax AI Plus - 12 месяцев (случайный email),button,11,,,Plus,12m,new_account,25399.0,True,False,,True,,True,True,True,False,
ggsel,102559801,https://ggsel.net/catalog/product/102559801,"Купить MiniMax AI Plus/Max/Ultra 1-12M, Credits Top-up | FAST, FULL WARRANTY",Продление/обновление: MiniMax AI Max - 1 месяц (требуется вход),Продление/обновление: MiniMax AI Max - 1 месяц (требуется вход),button,12,,,Max,1m,own_account,8399.0,True,False,,True,,True,True,True,False,
ggsel,102559801,https://ggsel.net/catalog/product/102559801,"Купить MiniMax AI Plus/Max/Ultra 1-12M, Credits Top-up | FAST, FULL WARRANTY",Аккаунт MiniMax AI Max - 1 месяц (случайный email),Аккаунт MiniMax AI Max - 1 месяц (случайный email),button,13,,,Max,1m,new_account,8499.0,True,False,,True,,True,True,True,True,8499
ggsel,102559801,https://ggsel.net/catalog/product/102559801,"Купить MiniMax AI Plus/Max/Ultra 1-12M, Credits Top-up | FAST, FULL WARRANTY",Продление/обновление: MiniMax AI Max - 12 месяцев (требуется вход),Продление/обновление: MiniMax AI Max - 12 месяцев (требуется вход),button,14,,,Max,12m,own_account,66199.0,True,False,,True,,True,True,True,False,
ggsel,102559801,https://ggsel.net/catalog/product/102559801,"Купить MiniMax AI Plus/Max/Ultra 1-12M, Credits Top-up | FAST, FULL WARRANTY",Аккаунт MiniMax AI Max - 12 месяцев (случайный email),Аккаунт MiniMax AI Max - 12 месяцев (случайный email),button,15,,,Max,12m,new_account,66299.0,True,False,,True,,True,True,True,False,
ggsel,102559801,https://ggsel.net/catalog/product/102559801,"Купить MiniMax AI Plus/Max/Ultra 1-12M, Credits Top-up | FAST, FULL WARRANTY",Продление/обновление: MiniMax AI Plus - 1 месяц (требуется вход),Продление/обновление: MiniMax AI Plus - 1 месяц (требуется вход),button,8,,,Plus,1m,own_account,2299.0,True,False,,True,,True,True,True,False,
ggsel,5150918,https://ggsel.net/catalog/product/5150918,Купить KLING AI ПОДПИСКА – STANDARD/PRO/PREMIER/ULTRA НА 1 МЕСЯЦ,Pro (Первый заказ),Pro (Первый заказ),button,10,,,Pro,1m,own_account,2770.0,True,False,,True,,True,True,True,False,
ggsel,5150918,https://ggsel.net/catalog/product/5150918,Купить KLING AI ПОДПИСКА – STANDARD/PRO/PREMIER/ULTRA НА 1 МЕСЯЦ,Pro (Продление),Pro (Продление),button,14,,,Pro,1m,own_account,3460.0,True,False,,True,,True,True,True,False,
ggsel,5150918,https://ggsel.net/catalog/product/5150918,Купить KLING AI ПОДПИСКА – STANDARD/PRO/PREMIER/ULTRA НА 1 МЕСЯЦ,Pro (+300 бонусных кредитов),Pro (+300 бонусных кредитов),button,18,,,Pro,1m,own_account,3170.0,True,False,,True,,True,True,True,False,
ggsel,5202328,https://ggsel.net/catalog/product/5202328,Купить Kling AI Подписка Standard/Pro/Premier/Ultra 30 дней,Pro,Pro,button,10,,,Pro,1m,own_account,3025.0,True,False,,True,,True,True,True,False,
ggsel,5202328,https://ggsel.net/catalog/product/5202328,Купить Kling AI Подписка Standard/Pro/Premier/Ultra 30 дней,Pro 1 год,Pro 1 год,button,14,,,Pro,12m,own_account,30772.0,True,False,,True,,True,True,True,False,
ggsel,5202328,https://ggsel.net/catalog/product/5202328,Купить Kling AI Подписка Standard/Pro/Premier/Ultra 30 дней,Pro - Мне нужно продление подписки после первой покупки(+607 ₽),Pro - Мне нужно продление подписки после первой покупки(+607 ₽),label,2,,,Pro,1m,own_account,146409.0,True,False,,True,,True,True,True,False,
ggsel,102304393,https://ggsel.net/catalog/product/102304393,Купить Runway AI Standard/Pro/MAX 1/12M Подписка |Обновление+г.арантия,Pro - 1 месяц,Pro - 1 месяц,button,10,,,Pro,1m,own_account,4565.0,True,False,,True,,True,True,True,False,
ggsel,102304393,https://ggsel.net/catalog/product/102304393,Купить Runway AI Standard/Pro/MAX 1/12M Подписка |Обновление+г.арантия,MAX - 1 месяц,MAX - 1 месяц,button,11,,,Max,1m,own_account,13148.0,True,False,,True,,True,True,True,False,
ggsel,102304393,https://ggsel.net/catalog/product/102304393,Купить Runway AI Standard/Pro/MAX 1/12M Подписка |Обновление+г.арантия,Pro - 12 Месяцев,Pro - 12 Месяцев,button,13,,,Pro,12m,own_account,36547.0,True,False,,True,,True,True,True,False,
ggsel,102304393,https://ggsel.net/catalog/product/102304393,Купить Runway AI Standard/Pro/MAX 1/12M Подписка |Обновление+г.арантия,MAX - 12 Месяцев,MAX - 12 Месяцев,button,14,,,Max,12m,own_account,99203.0,True,False,,True,,True,True,True,False,
ggsel,101942096,https://ggsel.net/catalog/product/101942096,"Купить Kling AI Plan/Credits 1-12M | FAST, FULL WARRANTY",KlingAI Pro (3000 Credits) - 1 Месяц (Требуется вход),KlingAI Pro (3000 Credits) - 1 Месяц (Требуется вход),button,13,,,Pro,1m,own_account,5499.0,True,False,,True,,True,True,True,False,
ggsel,101942096,https://ggsel.net/catalog/product/101942096,"Купить Kling AI Plan/Credits 1-12M | FAST, FULL WARRANTY","KlingAI Pro (3000 Credits) - 1 Месяц (Без входа, Подарок)","KlingAI Pro (3000 Credits) - 1 Месяц (Без входа, Подарок)",button,14,,,Pro,1m,own_account,6399.0,True,False,,True,,True,True,True,False,
ggsel,101942096,https://ggsel.net/catalog/product/101942096,"Купить Kling AI Plan/Credits 1-12M | FAST, FULL WARRANTY",KlingAI Pro (3000 Credits) - 1 Год (Требуется вход),KlingAI Pro (3000 Credits) - 1 Год (Требуется вход),button,15,,,Pro,12m,own_account,37799.0,True,False,,True,,True,True,True,False,
ggsel,101942096,https://ggsel.net/catalog/product/101942096,"Купить Kling AI Plan/Credits 1-12M | FAST, FULL WARRANTY","KlingAI Pro (3000 Credits) - 1 Год (Без входа, Подарок)","KlingAI Pro (3000 Credits) - 1 Год (Без входа, Подарок)",button,16,,,Pro,12m,own_account,38599.0,True,False,,True,,True,True,True,False,
ggsel,101942096,https://ggsel.net/catalog/product/101942096,"Купить Kling AI Plan/Credits 1-12M | FAST, FULL WARRANTY",KlingAI Pro (3000 Credits) Аккаунт - 1 Месяц (На случайную почту),KlingAI Pro (3000 Credits) Аккаунт - 1 Месяц (На случайную почту),button,25,,,Pro,1m,new_account,5499.0,True,False,,True,,True,True,True,False,
ggsel,102107472,https://ggsel.net/catalog/product/102107472,Купить Kling AI Standard/Pro/Premier 1–12M: AI для видео и изображений | ПОЛНАЯ,KlingAI Pro - 1 месяц (3000 Credits),KlingAI Pro - 1 месяц (3000 Credits),button,11,,,Pro,1m,own_account,4599.0,True,False,,True,,True,True,True,False,
ggsel,102107472,https://ggsel.net/catalog/product/102107472,Купить Kling AI Standard/Pro/Premier 1–12M: AI для видео и изображений | ПОЛНАЯ,KlingAI Pro - 1 год (3000 Credits),KlingAI Pro - 1 год (3000 Credits),button,12,,,Pro,12m,own_account,33599.0,True,False,,True,,True,True,True,False,
ggsel,102107472,https://ggsel.net/catalog/product/102107472,Купить Kling AI Standard/Pro/Premier 1–12M: AI для видео и изображений | ПОЛНАЯ,Gift Pro - 1 месяц,Gift Pro - 1 месяц,button,19,,,Pro,1m,own_account,4600.0,True,False,,True,,True,True,True,False,
ggsel,102107472,https://ggsel.net/catalog/product/102107472,Купить Kling AI Standard/Pro/Premier 1–12M: AI для видео и изображений | ПОЛНАЯ,Gift Pro - 1 год,Gift Pro - 1 год,button,20,,,Pro,12m,own_account,35950.0,True,False,,True,,True,True,True,False,
